INSERT INTO User (username, password, email, nickname, address, birth, profile_image, authority, created_at)
VALUES ('user1', 'password1', 'user1@example.com', 'Runner1', '서울특별시 강남구 대치동 888', '1990-01-01', '/img/profile1.png',
        'ROLE_STUDENT', NOW()),
       ('user2', 'password2', 'user2@example.com', 'Runner2', '서울특별시 강남구 삼성동 123', '1991-02-02', '/img/profile2.png',
        'ROLE_STUDENT', NOW()),
       ('user3', 'password3', 'user3@example.com', 'Sprinter3', '서울특별시 서초구 반포동 456', '1992-03-03', '/img/profile3.png',
        'ROLE_STUDENT', NOW()),
       ('user4', 'password4', 'user4@example.com', 'Jumper4', '서울특별시 서초구 서초동 789', '1993-04-04', '/img/profile4.png',
        'ROLE_STUDENT', NOW()),
       ('user5', 'password5', 'user5@example.com', 'Cyclist5', '서울특별시 송파구 잠실동 234', '1994-05-05', '/img/profile5.png',
        'ROLE_STUDENT', NOW()),
       ('user6', 'password6', 'user6@example.com', 'Swimmer6', '서울특별시 송파구 방이동 567', '1995-06-06', '/img/profile6.png',
        'ROLE_STUDENT', NOW()),
       ('user7', 'password7', 'user7@example.com', 'Lifter7', '서울특별시 강동구 천호동 890', '1996-07-07', '/img/profile7.png',
        'ROLE_STUDENT', NOW()),
       ('user8', 'password8', 'user8@example.com', 'Rowing8', '서울특별시 강동구 길동 123', '1997-08-08', '/img/profile8.png',
        'ROLE_STUDENT', NOW()),
       ('user9', 'password9', 'user9@example.com', 'Skater9', '서울특별시 용산구 이태원동 456', '1998-09-09', '/img/profile9.png',
        'ROLE_STUDENT', NOW()),
       ('user10', 'password10', 'user10@example.com', 'Hiker10', '서울특별시 용산구 한남동 789', '1999-10-10',
        '/img/profile10.png', 'ROLE_STUDENT', NOW()),
       ('user11', 'password11', 'user11@example.com', 'Boxer11', '서울특별시 마포구 합정동 234', '1990-11-11',
        '/img/profile11.png', 'ROLE_STUDENT', NOW()),
       ('user12', 'password12', 'user12@example.com', 'Fighter12', '서울특별시 마포구 상암동 567', '1991-12-12',
        '/img/profile12.png', 'ROLE_STUDENT', NOW()),
       ('user13', 'password13', 'user13@example.com', 'Athlete13', '서울특별시 성동구 성수동 890', '1992-01-13',
        '/img/profile13.png', 'ROLE_STUDENT', NOW()),
       ('user14', 'password14', 'user14@example.com', 'Player14', '서울특별시 성동구 금호동 123', '1993-02-14',
        '/img/profile14.png', 'ROLE_STUDENT', NOW()),
       ('user15', 'password15', 'user15@example.com', 'Racer15', '서울특별시 광진구 자양동 456', '1994-03-15',
        '/img/profile15.png', 'ROLE_STUDENT', NOW()),
       ('user16', 'password16', 'user16@example.com', 'Climber16', '서울특별시 광진구 구의동 789', '1995-04-16',
        '/img/profile16.png', 'ROLE_STUDENT', NOW()),
       ('user17', 'password17', 'user17@example.com', 'Dancer17', '서울특별시 동대문구 청량리동 234', '1996-05-17',
        '/img/profile17.png', 'ROLE_STUDENT', NOW()),
       ('user18', 'password18', 'user18@example.com', 'Gymnast18', '서울특별시 동대문구 이문동 567', '1997-06-18',
        '/img/profile18.png', 'ROLE_STUDENT', NOW()),
       ('user19', 'password19', 'user19@example.com', 'Wrestler19', '서울특별시 중랑구 면목동 890', '1998-07-19',
        '/img/profile19.png', 'ROLE_STUDENT', NOW()),
       ('user20', 'password20', 'user20@example.com', 'Trainer20', '서울특별시 중랑구 망우동 123', '1999-08-20',
        '/img/profile20.png', 'ROLE_STUDENT', NOW()),
       ('user21', 'password21', 'user21@example.com', 'Coach21', '서울특별시 성북구 길음동 456', '1990-09-21',
        '/img/profile21.png', 'ROLE_STUDENT', NOW()),
       ('user22', 'password22', 'user22@example.com', 'Mentor22', '서울특별시 성북구 정릉동 789', '1991-10-22',
        '/img/profile22.png', 'ROLE_STUDENT', NOW()),
       ('user23', 'password23', 'user23@example.com', 'Expert23', '서울특별시 강북구 수유동 234', '1992-11-23',
        '/img/profile23.png', 'ROLE_STUDENT', NOW()),
       ('user24', 'password24', 'user24@example.com', 'Pro24', '서울특별시 강북구 미아동 567', '1993-12-24', '/img/profile24.png',
        'ROLE_STUDENT', NOW()),
       ('user25', 'password25', 'user25@example.com', 'Master25', '서울특별시 도봉구 쌍문동 890', '1994-01-25',
        '/img/profile25.png', 'ROLE_STUDENT', NOW()),
       ('user26', 'password26', 'user26@example.com', 'Champion26', '서울특별시 도봉구 방학동 123', '1995-02-26',
        '/img/profile26.png', 'ROLE_STUDENT', NOW()),
       ('user27', 'password27', 'user27@example.com', 'Winner27', '서울특별시 노원구 상계동 456', '1996-03-27',
        '/img/profile27.png', 'ROLE_STUDENT', NOW()),
       ('user28', 'password28', 'user28@example.com', 'Victor28', '서울특별시 노원구 중계동 789', '1997-04-28',
        '/img/profile28.png', 'ROLE_STUDENT', NOW()),
       ('user29', 'password29', 'user29@example.com', 'Star29', '서울특별시 은평구 불광동 234', '1998-05-29', '/img/profile29.png',
        'ROLE_STUDENT', NOW()),
       ('user30', 'password30', 'user30@example.com', 'Legend30', '서울특별시 은평구 응암동 567', '1999-06-30',
        '/img/profile30.png', 'ROLE_STUDENT', NOW()),
       ('user31', 'password31', 'user31@example.com', 'Hero31', '서울특별시 서대문구 신촌동 890', '1990-07-31',
        '/img/profile31.png', 'ROLE_STUDENT', NOW()),
       ('user32', 'password32', 'user32@example.com', 'Idol32', '서울특별시 서대문구 연희동 123', '1991-08-01',
        '/img/profile32.png', 'ROLE_STUDENT', NOW()),
       ('user33', 'password33', 'user33@example.com', 'Icon33', '서울특별시 마포구 서교동 456', '1992-09-02', '/img/profile33.png',
        'ROLE_STUDENT', NOW()),
       ('user34', 'password34', 'user34@example.com', 'Star34', '서울특별시 마포구 망원동 789', '1993-10-03', '/img/profile34.png',
        'ROLE_STUDENT', NOW()),
       ('user35', 'password35', 'user35@example.com', 'Ace35', '서울특별시 양천구 목동 234', '1994-11-04', '/img/profile35.png',
        'ROLE_STUDENT', NOW()),
       ('user36', 'password36', 'user36@example.com', 'King36', '서울특별시 양천구 신정동 567', '1995-12-05', '/img/profile36.png',
        'ROLE_STUDENT', NOW()),
       ('user37', 'password37', 'user37@example.com', 'Queen37', '서울특별시 강서구 화곡동 890', '1996-01-06',
        '/img/profile37.png', 'ROLE_STUDENT', NOW()),
       ('user38', 'password38', 'user38@example.com', 'Knight38', '서울특별시 강서구 등촌동 123', '1997-02-07',
        '/img/profile38.png', 'ROLE_STUDENT', NOW()),
       ('user39', 'password39', 'user39@example.com', 'Bishop39', '서울특별시 구로구 구로동 456', '1998-03-08',
        '/img/profile39.png', 'ROLE_STUDENT', NOW()),
       ('user40', 'password40', 'user40@example.com', 'Rook40', '서울특별시 구로구 개봉동 789', '1999-04-09', '/img/profile40.png',
        'ROLE_STUDENT', NOW()),
       ('user41', 'password41', 'user41@example.com', 'Pawn41', '서울특별시 금천구 가산동 234', '1990-05-10', '/img/profile41.png',
        'ROLE_STUDENT', NOW()),
       ('user42', 'password42', 'user42@example.com', 'Guard42', '서울특별시 금천구 독산동 567', '1991-06-11',
        '/img/profile42.png', 'ROLE_STUDENT', NOW()),
       ('user43', 'password43', 'user43@example.com', 'Scout43', '서울특별시 영등포구 여의도동 890', '1992-07-12',
        '/img/profile43.png', 'ROLE_STUDENT', NOW()),
       ('user44', 'password44', 'user44@example.com', 'Ranger44', '서울특별시 영등포구 당산동 123', '1993-08-13',
        '/img/profile44.png', 'ROLE_STUDENT', NOW()),
       ('user45', 'password45', 'user45@example.com', 'Hunter45', '서울특별시 동작구 사당동 456', '1994-09-14',
        '/img/profile45.png', 'ROLE_STUDENT', NOW()),
       ('user46', 'password46', 'user46@example.com', 'Archer46', '서울특별시 동작구 상도동 789', '1995-10-15',
        '/img/profile46.png', 'ROLE_STUDENT', NOW()),
       ('user47', 'password47', 'user47@example.com', 'Warrior47', '서울특별시 관악구 봉천동 234', '1996-11-16',
        '/img/profile47.png', 'ROLE_STUDENT', NOW()),
       ('user48', 'password48', 'user48@example.com', 'Knight48', '서울특별시 관악구 신림동 567', '1997-12-17',
        '/img/profile48.png', 'ROLE_STUDENT', NOW()),
       ('user49', 'password49', 'user49@example.com', 'Samurai49', '서울특별시 종로구 평창동 890', '1998-01-18',
        '/img/profile49.png', 'ROLE_STUDENT', NOW()),
       ('user50', 'password50', 'user50@example.com', 'Ninja50', '서울특별시 종로구 삼청동 123', '1999-02-19',
        '/img/profile50.png', 'ROLE_STUDENT', NOW());

INSERT INTO User (username, password, email, nickname, address, birth, profile_image, authority, created_at)
VALUES ('Trainer11', 'password11', 'trainer11@example.com', 'TrainerNick11', 'Trainer Address 11', '1985-05-01',
        '/img/profile11.png', 'ROLE_TRAINER', NOW()),
       ('Trainer12', 'password12', 'trainer12@example.com', 'TrainerNick12', 'Trainer Address 12', '1986-06-02',
        '/img/profile12.png', 'ROLE_TRAINER', NOW()),
       ('Trainer13', 'password13', 'trainer13@example.com', 'TrainerNick13', 'Trainer Address 13', '1987-07-03',
        '/img/profile13.png', 'ROLE_TRAINER', NOW()),
       ('Trainer14', 'password14', 'trainer14@example.com', 'TrainerNick14', 'Trainer Address 14', '1988-08-04',
        '/img/profile14.png', 'ROLE_TRAINER', NOW()),
       ('Trainer15', 'password15', 'trainer15@example.com', 'TrainerNick15', 'Trainer Address 15', '1989-09-05',
        '/img/profile15.png', 'ROLE_TRAINER', NOW()),
       ('Trainer16', 'password16', 'trainer16@example.com', 'TrainerNick16', 'Trainer Address 16', '1990-10-06',
        '/img/profile16.png', 'ROLE_TRAINER', NOW()),
       ('Trainer17', 'password17', 'trainer17@example.com', 'TrainerNick17', 'Trainer Address 17', '1991-11-07',
        '/img/profile17.png', 'ROLE_TRAINER', NOW()),
       ('Trainer18', 'password18', 'trainer18@example.com', 'TrainerNick18', 'Trainer Address 18', '1992-12-08',
        '/img/profile18.png', 'ROLE_TRAINER', NOW()),
       ('Trainer19', 'password19', 'trainer19@example.com', 'TrainerNick19', 'Trainer Address 19', '1993-01-09',
        '/img/profile19.png', 'ROLE_TRAINER', NOW()),
       ('Trainer20', 'password20', 'trainer20@example.com', 'TrainerNick20', 'Trainer Address 20', '1994-02-10',
        '/img/profile20.png', 'ROLE_TRAINER', NOW()),
       ('Trainer21', 'password21', 'trainer21@example.com', 'TrainerNick21', '서울특별시 은평구 Trainer Address 21',
        '1980-01-01', '/img/profile21.png', 'ROLE_TRAINER', NOW()),
       ('Trainer22', 'password22', 'trainer22@example.com', 'TrainerNick22', '서울특별시 서대문구 Trainer Address 22',
        '1981-02-02', '/img/profile22.png', 'ROLE_TRAINER', NOW()),
       ('Trainer23', 'password23', 'trainer23@example.com', 'TrainerNick23', '서울특별시 동대문구 Trainer Address 23',
        '1982-03-03', '/img/profile23.png', 'ROLE_TRAINER', NOW()),
       ('Trainer24', 'password24', 'trainer24@example.com', 'TrainerNick24', '서울특별시 성북구 Trainer Address 24',
        '1983-04-04', '/img/profile24.png', 'ROLE_TRAINER', NOW()),
       ('Trainer25', 'password25', 'trainer25@example.com', 'TrainerNick25', '서울특별시 강북구 Trainer Address 25',
        '1984-05-05', '/img/profile25.png', 'ROLE_TRAINER', NOW()),
       ('Trainer26', 'password26', 'trainer26@example.com', 'TrainerNick26', '서울특별시 도봉구 Trainer Address 26',
        '1985-06-06', '/img/profile26.png', 'ROLE_TRAINER', NOW()),
       ('Trainer27', 'password27', 'trainer27@example.com', 'TrainerNick27', '서울특별시 노원구 Trainer Address 27',
        '1986-07-07', '/img/profile27.png', 'ROLE_TRAINER', NOW()),
       ('Trainer28', 'password28', 'trainer28@example.com', 'TrainerNick28', '서울특별시 중랑구 Trainer Address 28',
        '1987-08-08', '/img/profile28.png', 'ROLE_TRAINER', NOW()),
       ('Trainer29', 'password29', 'trainer29@example.com', 'TrainerNick29', '서울특별시 관악구 Trainer Address 29',
        '1988-09-09', '/img/profile29.png', 'ROLE_TRAINER', NOW()),
       ('Trainer30', 'password30', 'trainer30@example.com', 'TrainerNick30', '서울특별시 금천구 Trainer Address 30',
        '1989-10-10', '/img/profile30.png', 'ROLE_TRAINER', NOW()),
       ('Trainer31', 'password31', 'trainer31@example.com', 'TrainerNick31', '서울특별시 양천구 Trainer Address 31',
        '1980-11-01', '/img/profile31.png', 'ROLE_TRAINER', NOW()),
       ('Trainer32', 'password32', 'trainer32@example.com', 'TrainerNick32', '서울특별시 구로구 Trainer Address 32',
        '1981-12-02', '/img/profile32.png', 'ROLE_TRAINER', NOW()),
       ('Trainer33', 'password33', 'trainer33@example.com', 'TrainerNick33', '서울특별시 강서구 Trainer Address 33',
        '1982-01-03', '/img/profile33.png', 'ROLE_TRAINER', NOW()),
       ('Trainer34', 'password34', 'trainer34@example.com', 'TrainerNick34', '서울특별시 용산구 Trainer Address 34',
        '1983-02-04', '/img/profile34.png', 'ROLE_TRAINER', NOW()),
       ('Trainer35', 'password35', 'trainer35@example.com', 'TrainerNick35', '서울특별시 성동구 Trainer Address 35',
        '1984-03-05', '/img/profile35.png', 'ROLE_TRAINER', NOW()),
       ('Trainer36', 'password36', 'trainer36@example.com', 'TrainerNick36', '서울특별시 중구 Trainer Address 36',
        '1985-04-06', '/img/profile36.png', 'ROLE_TRAINER', NOW()),
       ('Trainer37', 'password37', 'trainer37@example.com', 'TrainerNick37', '서울특별시 종로구 Trainer Address 37',
        '1986-05-07', '/img/profile37.png', 'ROLE_TRAINER', NOW()),
       ('Trainer38', 'password38', 'trainer38@example.com', 'TrainerNick38', '서울특별시 서초구 Trainer Address 38',
        '1987-06-08', '/img/profile38.png', 'ROLE_TRAINER', NOW()),
       ('Trainer39', 'password39', 'trainer39@example.com', 'TrainerNick39', '서울특별시 강남구 Trainer Address 39',
        '1988-07-09', '/img/profile39.png', 'ROLE_TRAINER', NOW()),
       ('Trainer40', 'password40', 'trainer40@example.com', 'TrainerNick40', '서울특별시 송파구 Trainer Address 40',
        '1989-08-10', '/img/profile40.png', 'ROLE_TRAINER', NOW()),
       ('Trainer41', 'password41', 'trainer41@example.com', 'TrainerNick41', '서울특별시 은평구 Trainer Address 41',
        '1980-09-11', '/img/profile41.png', 'ROLE_TRAINER', NOW()),
       ('Trainer42', 'password42', 'trainer42@example.com', 'TrainerNick42', '서울특별시 서대문구 Trainer Address 42',
        '1981-10-12', '/img/profile42.png', 'ROLE_TRAINER', NOW()),
       ('Trainer43', 'password43', 'trainer43@example.com', 'TrainerNick43', '서울특별시 동대문구 Trainer Address 43',
        '1982-11-13', '/img/profile43.png', 'ROLE_TRAINER', NOW()),
       ('Trainer44', 'password44', 'trainer44@example.com', 'TrainerNick44', '서울특별시 성북구 Trainer Address 44',
        '1983-12-14', '/img/profile44.png', 'ROLE_TRAINER', NOW()),
       ('Trainer45', 'password45', 'trainer45@example.com', 'TrainerNick45', '서울특별시 강북구 Trainer Address 45',
        '1984-01-15', '/img/profile45.png', 'ROLE_TRAINER', NOW()),
       ('Trainer46', 'password46', 'trainer46@example.com', 'TrainerNick46', '서울특별시 도봉구 Trainer Address 46',
        '1985-02-16', '/img/profile46.png', 'ROLE_TRAINER', NOW()),
       ('Trainer47', 'password47', 'trainer47@example.com', 'TrainerNick47', '서울특별시 노원구 Trainer Address 47',
        '1986-03-17', '/img/profile47.png', 'ROLE_TRAINER', NOW()),
       ('Trainer48', 'password48', 'trainer48@example.com', 'TrainerNick48', '서울특별시 중랑구 Trainer Address 48',
        '1987-04-18', '/img/profile48.png', 'ROLE_TRAINER', NOW()),
       ('Trainer49', 'password49', 'trainer49@example.com', 'TrainerNick49', '서울특별시 관악구 Trainer Address 49',
        '1988-05-19', '/img/profile49.png', 'ROLE_TRAINER', NOW()),
       ('Trainer50', 'password50', 'trainer50@example.com', 'TrainerNick50', '서울특별시 금천구 Trainer Address 50',
        '1989-06-20', '/img/profile50.png', 'ROLE_TRAINER', NOW()),
       ('Trainer51', 'password51', 'trainer51@example.com', 'TrainerNick51', '서울특별시 양천구 Trainer Address 51',
        '1990-07-01', '/img/profile51.png', 'ROLE_TRAINER', NOW()),
       ('Trainer52', 'password52', 'trainer52@example.com', 'TrainerNick52', '서울특별시 구로구 Trainer Address 52',
        '1991-08-02', '/img/profile52.png', 'ROLE_TRAINER', NOW()),
       ('Trainer53', 'password53', 'trainer53@example.com', 'TrainerNick53', '서울특별시 강서구 Trainer Address 53',
        '1992-09-03', '/img/profile53.png', 'ROLE_TRAINER', NOW()),
       ('Trainer54', 'password54', 'trainer54@example.com', 'TrainerNick54', '서울특별시 용산구 Trainer Address 54',
        '1993-10-04', '/img/profile54.png', 'ROLE_TRAINER', NOW()),
       ('Trainer55', 'password55', 'trainer55@example.com', 'TrainerNick55', '서울특별시 성동구 Trainer Address 55',
        '1994-11-05', '/img/profile55.png', 'ROLE_TRAINER', NOW()),
       ('Trainer56', 'password56', 'trainer56@example.com', 'TrainerNick56', '서울특별시 동작구 Trainer Address 56',
        '1995-12-06', '/img/profile56.png', 'ROLE_TRAINER', NOW()),
       ('Trainer57', 'password57', 'trainer57@example.com', 'TrainerNick57', '서울특별시 마포구 Trainer Address 57',
        '1996-01-07', '/img/profile57.png', 'ROLE_TRAINER', NOW()),
       ('Trainer58', 'password58', 'trainer58@example.com', 'TrainerNick58', '서울특별시 영등포구 Trainer Address 58',
        '1997-02-08', '/img/profile58.png', 'ROLE_TRAINER', NOW()),
       ('Trainer59', 'password59', 'trainer59@example.com', 'TrainerNick59', '서울특별시 종로구 Trainer Address 59',
        '1998-03-09', '/img/profile59.png', 'ROLE_TRAINER', NOW()),
       ('Trainer60', 'password60', 'trainer60@example.com', 'TrainerNick60', '서울특별시 중구 Trainer Address 60',
        '1999-04-10', '/img/profile60.png', 'ROLE_TRAINER', NOW()),
       ('Trainer61', 'password61', 'trainer61@example.com', 'TrainerNick61', '서울특별시 강남구 Trainer Address 61',
        '1980-05-01', '/img/profile61.png', 'ROLE_TRAINER', NOW()),
       ('Trainer62', 'password62', 'trainer62@example.com', 'TrainerNick62', '서울특별시 서초구 Trainer Address 62',
        '1981-06-02', '/img/profile62.png', 'ROLE_TRAINER', NOW()),
       ('Trainer63', 'password63', 'trainer63@example.com', 'TrainerNick63', '서울특별시 송파구 Trainer Address 63',
        '1982-07-03', '/img/profile63.png', 'ROLE_TRAINER', NOW()),
       ('Trainer64', 'password64', 'trainer64@example.com', 'TrainerNick64', '서울특별시 강동구 Trainer Address 64',
        '1983-08-04', '/img/profile64.png', 'ROLE_TRAINER', NOW()),
       ('Trainer65', 'password65', 'trainer65@example.com', 'TrainerNick65', '서울특별시 광진구 Trainer Address 65',
        '1984-09-05', '/img/profile65.png', 'ROLE_TRAINER', NOW()),
       ('Trainer66', 'password66', 'trainer66@example.com', 'TrainerNick66', '서울특별시 동작구 Trainer Address 66',
        '1985-10-06', '/img/profile66.png', 'ROLE_TRAINER', NOW()),
       ('Trainer67', 'password67', 'trainer67@example.com', 'TrainerNick67', '서울특별시 마포구 Trainer Address 67',
        '1986-11-07', '/img/profile67.png', 'ROLE_TRAINER', NOW()),
       ('Trainer68', 'password68', 'trainer68@example.com', 'TrainerNick68', '서울특별시 영등포구 Trainer Address 68',
        '1987-12-08', '/img/profile68.png', 'ROLE_TRAINER', NOW()),
       ('Trainer69', 'password69', 'trainer69@example.com', 'TrainerNick69', '서울특별시 종로구 Trainer Address 69',
        '1988-01-09', '/img/profile69.png', 'ROLE_TRAINER', NOW()),
       ('Trainer70', 'password70', 'trainer70@example.com', 'TrainerNick70', '서울특별시 중구 Trainer Address 70',
        '1989-02-10', '/img/profile70.png', 'ROLE_TRAINER', NOW()),
       ('Trainer71', 'password71', 'trainer71@example.com', 'TrainerNick71', '서울특별시 은평구 Trainer Address 71',
        '1990-03-11', '/img/profile71.png', 'ROLE_TRAINER', NOW()),
       ('Trainer72', 'password72', 'trainer72@example.com', 'TrainerNick72', '서울특별시 은평구 Trainer Address 72',
        '1990-03-11', '/img/profile72.png', 'ROLE_TRAINER', NOW()),
       ('Trainer73', 'password73', 'trainer73@example.com', 'TrainerNick73', '서울특별시 동대문구 Trainer Address 73',
        '1992-05-13', '/img/profile73.png', 'ROLE_TRAINER', NOW()),
       ('Trainer74', 'password74', 'trainer74@example.com', 'TrainerNick74', '서울특별시 성북구 Trainer Address 74',
        '1993-06-14', '/img/profile74.png', 'ROLE_TRAINER', NOW()),
       ('Trainer75', 'password75', 'trainer75@example.com', 'TrainerNick75', '서울특별시 강북구 Trainer Address 75',
        '1994-07-15', '/img/profile75.png', 'ROLE_TRAINER', NOW()),
       ('Trainer76', 'password76', 'trainer76@example.com', 'TrainerNick76', '서울특별시 은평구 Trainer Address 76',
        '1995-01-01', '/img/profile76.png', 'ROLE_TRAINER', NOW()),
       ('Trainer77', 'password77', 'trainer77@example.com', 'TrainerNick77', '서울특별시 서대문구 Trainer Address 77',
        '1996-02-02', '/img/profile77.png', 'ROLE_TRAINER', NOW()),
       ('Trainer78', 'password78', 'trainer78@example.com', 'TrainerNick78', '서울특별시 동대문구 Trainer Address 78',
        '1997-03-03', '/img/profile78.png', 'ROLE_TRAINER', NOW()),
       ('Trainer79', 'password79', 'trainer79@example.com', 'TrainerNick79', '서울특별시 성북구 Trainer Address 79',
        '1998-04-04', '/img/profile79.png', 'ROLE_TRAINER', NOW()),
       ('Trainer80', 'password80', 'trainer80@example.com', 'TrainerNick80', '서울특별시 강북구 Trainer Address 80',
        '1999-05-05', '/img/profile80.png', 'ROLE_TRAINER', NOW()),
       ('Trainer81', 'password81', 'trainer81@example.com', 'TrainerNick81', '서울특별시 도봉구 Trainer Address 81',
        '2000-06-06', '/img/profile81.png', 'ROLE_TRAINER', NOW()),
       ('Trainer82', 'password82', 'trainer82@example.com', 'TrainerNick82', '서울특별시 노원구 Trainer Address 82',
        '2001-07-07', '/img/profile82.png', 'ROLE_TRAINER', NOW()),
       ('Trainer83', 'password83', 'trainer83@example.com', 'TrainerNick83', '서울특별시 중랑구 Trainer Address 83',
        '2002-08-08', '/img/profile83.png', 'ROLE_TRAINER', NOW()),
       ('Trainer84', 'password84', 'trainer84@example.com', 'TrainerNick84', '서울특별시 관악구 Trainer Address 84',
        '2003-09-09', '/img/profile84.png', 'ROLE_TRAINER', NOW()),
       ('Trainer85', 'password85', 'trainer85@example.com', 'TrainerNick85', '서울특별시 금천구 Trainer Address 85',
        '2004-10-10', '/img/profile85.png', 'ROLE_TRAINER', NOW());


INSERT INTO trainer_profile (id, trainer_id, per_price, skills, content, career, is_access)
VALUES (1, 51, 50000, '["Fitness", "Yoga", "Pilates"]', 'Experienced trainer with expertise in fitness.', '2010-05-01',
        '승인'),
       (2, 52, 60000, '["Weightlifting", "Cardio"]', 'Professional weightlifting coach.', '2011-06-02', '대기'),
       (3, 53, 70000, '["HIIT", "CrossFit"]', 'Specialized in high-intensity interval training.', '2012-07-03', '승인'),
       (4, 54, 55000, '["Yoga", "Meditation"]', 'Certified yoga and meditation expert.', '2013-08-04', '승인'),
       (5, 55, 65000, '["Strength Training", "Rehabilitation"]', 'Helping clients recover and build strength.',
        '2014-09-05', '거절'),
       (6, 56, 50000, '["Cardio", "Endurance Training"]', 'Focuses on improving endurance and cardio.', '2015-10-06',
        '대기'),
       (7, 57, 80000, '["Bodybuilding", "Nutrition"]', 'Bodybuilding expert and nutrition advisor.', '2016-11-07',
        '승인'),
       (8, 58, 75000, '["Pilates", "Flexibility"]', 'Improving flexibility with pilates.', '2017-12-08', '승인'),
       (9, 59, 70000, '["HIIT", "Bootcamp"]', 'Conducts bootcamp sessions for groups.', '2018-01-09', '대기'),
       (10, 60, 65000, '["Athletic Performance", "Agility"]', 'Specialized in athletic performance training.',
        '2019-02-10', '승인'),
       (11, 61, 60000, '["Fitness", "Weight Loss"]', 'Helps clients achieve weight loss goals.', '2020-03-11', '승인'),
       (12, 62, 70000, '["Core Strength", "Posture Correction"]', 'Improving posture and core strength.', '2021-04-12',
        '대기'),
       (13, 63, 55000, '["Functional Training", "Rehabilitation"]', 'Rehabilitation and functional training.',
        '2022-05-13', '승인'),
       (14, 64, 75000, '["Martial Arts", "Self Defense"]', 'Self-defense and martial arts expert.', '2023-06-14', '거절'),
       (15, 65, 50000, '["Strength Training", "Powerlifting"]', 'Focused on powerlifting and strength.', '2024-07-15',
        '승인'),
       (16, 66, 55000, '["Strength Training", "Cardio"]', 'Specialist in strength and cardio training.', '2010-01-01',
        '승인'),
       (17, 67, 60000, '["Yoga", "Meditation"]', 'Experienced yoga instructor.', '2011-02-02', '대기'),
       (18, 68, 75000, '["HIIT", "CrossFit"]', 'Focused on HIIT and CrossFit.', '2012-03-03', '승인'),
       (19, 69, 80000, '["Pilates", "Flexibility"]', 'Certified pilates trainer.', '2013-04-04', '승인'),
       (20, 70, 70000, '["Athletic Performance", "Agility"]', 'Specialized in athletic training.', '2014-05-05', '거절'),
       (21, 71, 60000, '["Bodybuilding", "Nutrition"]', 'Bodybuilding and nutrition expert.', '2015-06-06', '승인'),
       (22, 72, 50000, '["Weight Loss", "Rehabilitation"]', 'Helps clients recover and lose weight.', '2016-07-07',
        '대기'),
       (23, 73, 80000, '["Functional Training", "Core Strength"]', 'Focuses on functional strength and core.',
        '2017-08-08', '승인'),
       (24, 74, 65000, '["Self Defense", "Martial Arts"]', 'Martial arts and self-defense coach.', '2018-09-09', '승인'),
       (25, 75, 55000, '["Fitness", "Bootcamp"]', 'Conducts high-intensity bootcamp classes.', '2019-10-10', '대기'),
       (26, 76, 70000, '["CrossFit", "Strength Training"]', 'CrossFit and strength training expert.', '2020-11-11',
        '승인'),
       (27, 77, 75000, '["Rehabilitation", "Posture Correction"]', 'Posture correction and rehab trainer.',
        '2021-12-12', '승인'),
       (28, 78, 80000, '["Cardio", "Endurance Training"]', 'Endurance and cardio specialist.', '2022-01-13', '거절'),
       (29, 79, 60000, '["Weightlifting", "Powerlifting"]', 'Professional weightlifting coach.', '2023-02-14', '대기'),
       (30, 80, 65000, '["Flexibility", "Yoga"]', 'Yoga instructor with flexibility focus.', '2024-03-15', '승인'),
       (31, 81, 60000, '["Yoga", "Meditation"]', 'Expert in yoga and meditation practices.', '2010-01-15', '승인'),
       (32, 82, 55000, '["HIIT", "Cardio"]', 'Focused on cardio and high-intensity training.', '2011-02-16', '대기'),
       (33, 83, 70000, '["Bodybuilding", "Nutrition"]', 'Professional bodybuilding coach.', '2012-03-17', '승인'),
       (34, 84, 75000, '["Pilates", "Core Strength"]', 'Certified pilates and core strength trainer.', '2013-04-18',
        '거절'),
       (35, 85, 80000, '["Strength Training", "Rehabilitation"]', 'Helps clients recover and build strength.',
        '2014-05-19', '승인'),
       (36, 86, 60000, '["Weight Loss", "Flexibility"]', 'Weight loss and flexibility specialist.', '2015-06-20', '대기'),
       (37, 87, 50000, '["Functional Training", "CrossFit"]', 'Expert in functional training and CrossFit.',
        '2016-07-21', '승인'),
       (38, 88, 70000, '["Martial Arts", "Self Defense"]', 'Teaches martial arts and self-defense.', '2017-08-22',
        '승인'),
       (39, 89, 65000, '["Endurance Training", "Agility"]', 'Endurance and agility coach.', '2018-09-23', '대기'),
       (40, 90, 75000, '["Posture Correction", "Pilates"]', 'Improves posture through pilates.', '2019-10-24', '승인'),
       (41, 91, 80000, '["Bootcamp", "Strength Training"]', 'Conducts bootcamp sessions.', '2020-11-25', '거절'),
       (42, 92, 55000, '["Cardio", "HIIT"]', 'Specialist in cardio and interval training.', '2021-12-26', '대기'),
       (43, 93, 60000, '["Fitness", "Weightlifting"]', 'Helps clients achieve fitness goals.', '2022-01-27', '승인'),
       (44, 94, 70000, '["Flexibility", "Yoga"]', 'Focuses on yoga and increasing flexibility.', '2023-02-28', '승인'),
       (45, 95, 65000, '["Athletic Performance", "Agility"]', 'Improves athletic performance.', '2024-03-29', '승인'),
       (46, 96, 55000, '["Strength Training", "Powerlifting"]', 'Professional strength training coach.', '2010-04-01',
        '승인'),
       (47, 97, 60000, '["Yoga", "Meditation"]', 'Yoga and mindfulness expert.', '2011-05-02', '대기'),
       (48, 98, 75000, '["Cardio", "Endurance"]', 'Specialized in endurance and cardio.', '2012-06-03', '승인'),
       (49, 99, 70000, '["HIIT", "CrossFit"]', 'Focuses on CrossFit and interval training.', '2013-07-04', '승인'),
       (50, 100, 80000, '["Pilates", "Flexibility"]', 'Expert in pilates and flexibility exercises.', '2014-08-05',
        '거절'),
       (51, 101, 65000, '["Functional Training", "Core Strength"]', 'Helping clients with functional training.',
        '2015-09-06', '대기'),
       (52, 102, 55000, '["Bodybuilding", "Weightlifting"]', 'Certified bodybuilding and weightlifting trainer.',
        '2016-10-07', '승인'),
       (53, 103, 60000, '["Rehabilitation", "Posture Correction"]', 'Focuses on recovery and posture improvement.',
        '2017-11-08', '승인'),
       (54, 104, 75000, '["Martial Arts", "Self Defense"]', 'Martial arts and self-defense instructor.', '2018-12-09',
        '대기'),
       (55, 105, 70000, '["Athletic Performance", "Agility"]', 'Specialist in athletic performance.', '2019-01-10',
        '승인'),
       (56, 106, 80000, '["Bootcamp", "Fitness"]', 'Leads high-energy bootcamp sessions.', '2020-02-11', '승인'),
       (57, 107, 60000, '["Weight Loss", "Nutrition"]', 'Helping clients achieve weight loss goals.', '2021-03-12',
        '거절'),
       (58, 108, 65000, '["Strength Training", "HIIT"]', 'HIIT and strength training coach.', '2022-04-13', '대기'),
       (59, 109, 70000, '["Flexibility", "Yoga"]', 'Focuses on yoga and flexibility.', '2023-05-14', '승인'),
       (60, 110, 75000, '["Cardio", "Endurance Training"]', 'Cardio and endurance training specialist.', '2024-06-15',
        '승인'),
       (61, 111, 60000, '["Weightlifting", "Powerlifting"]', 'Expert in weightlifting and powerlifting.', '2010-07-01',
        '승인'),
       (62, 112, 55000, '["Yoga", "Meditation"]', 'Yoga instructor with a focus on mindfulness.', '2011-08-02', '대기'),
       (63, 113, 75000, '["HIIT", "CrossFit"]', 'Certified in HIIT and CrossFit training.', '2012-09-03', '승인'),
       (64, 114, 80000, '["Pilates", "Core Strength"]', 'Specialized in pilates and core strength.', '2013-10-04',
        '승인'),
       (65, 115, 70000, '["Rehabilitation", "Functional Training"]', 'Focus on rehabilitation and functional training.',
        '2014-11-05', '거절'),
       (66, 116, 65000, '["Cardio", "Endurance Training"]', 'Helping clients improve endurance.', '2015-12-06', '대기'),
       (67, 117, 55000, '["Martial Arts", "Self Defense"]', 'Martial arts and self-defense specialist.', '2016-01-07',
        '승인'),
       (68, 118, 60000, '["Fitness", "Bootcamp"]', 'Leads high-energy fitness bootcamps.', '2017-02-08', '승인'),
       (69, 119, 75000, '["Athletic Performance", "Agility"]', 'Trainer for agility and athletic performance.',
        '2018-03-09', '대기'),
       (70, 120, 70000, '["Posture Correction", "Flexibility"]', 'Posture correction and flexibility trainer.',
        '2019-04-10', '승인'),
       (71, 121, 80000, '["Strength Training", "HIIT"]', 'Specialist in HIIT and strength training.', '2020-05-11',
        '승인'),
       (72, 122, 60000, '["Weight Loss", "Nutrition"]', 'Nutrition-focused weight loss trainer.', '2021-06-12', '거절'),
       (73, 123, 65000, '["Functional Training", "Rehabilitation"]', 'Rehabilitation and functional training.',
        '2022-07-13', '대기'),
       (74, 124, 75000, '["Flexibility", "Pilates"]', 'Pilates instructor with flexibility focus.', '2023-08-14', '승인'),
       (75, 125, 60000, '["Weightlifting", "Powerlifting"]', 'Expert in weightlifting and powerlifting.', '2015-04-01',
        '승인');
INSERT INTO HBTI ( user_id, HBTI, mb_score
                 , ei_score
                 , cn_score
                 , pg_score)
VALUES
-- MICP (3)
(1, 'MICP', 70, 20, 58, 90),
(2, 'MICP', 65, 25, 60, 85),
(3, 'MICP', 75, 30, 55, 80),
-- MECP (3)
(4, 'MECP', 73, 85, 59, 89),
(5, 'MECP', 68, 82, 62, 83),
(6, 'MECP', 71, 88, 58, 87),
-- BICP (3)
(7, 'BICP', 30, 25, 58, 85),
(8, 'BICP', 35, 28, 60, 82),
(9, 'BICP', 28, 22, 62, 88),
-- BECP (3)
(10, 'BECP', 35, 82, 57, 86),
(11, 'BECP', 32, 85, 60, 83),
(12, 'BECP', 28, 88, 58, 87),
-- MICG (3)
(13, 'MICG', 72, 28, 58, 25),
(14, 'MICG', 68, 25, 60, 28),
(15, 'MICG', 75, 22, 57, 22),
-- MECG (3)
(16, 'MECG', 70, 85, 58, 30),
(17, 'MECG', 75, 82, 60, 25),
(18, 'MECG', 68, 88, 57, 28),
-- BICG (3)
(19, 'BICG', 35, 28, 58, 30),
(20, 'BICG', 32, 25, 60, 25),
(21, 'BICG', 28, 22, 62, 28),
-- BECG (3)
(22, 'BECG', 35, 82, 58, 30),
(23, 'BECG', 32, 85, 60, 25),
(24, 'BECG', 28, 88, 62, 28),
-- MINP (3)
(25, 'MINP', 72, 28, 30, 85),
(26, 'MINP', 68, 25, 35, 82),
(27, 'MINP', 75, 22, 32, 88),
-- MENP (3)
(28, 'MENP', 70, 85, 30, 85),
(29, 'MENP', 75, 82, 35, 82),
(30, 'MENP', 68, 88, 32, 88),
-- BINP (3)
(31, 'BINP', 35, 28, 30, 85),
(32, 'BINP', 32, 25, 35, 82),
(33, 'BINP', 28, 22, 32, 88),
-- BENP (3)
(34, 'BENP', 35, 82, 30, 85),
(35, 'BENP', 32, 85, 35, 82),
(36, 'BENP', 28, 88, 32, 88),
-- MING (4)
(37, 'MING', 72, 28, 30, 30),
(38, 'MING', 68, 25, 35, 25),
(39, 'MING', 75, 22, 32, 28),
(40, 'MING', 70, 27, 33, 32),
-- MENG (4)
(41, 'MENG', 72, 82, 30, 30),
(42, 'MENG', 68, 85, 35, 25),
(43, 'MENG', 75, 88, 32, 28),
(44, 'MENG', 70, 87, 33, 32),
-- BING (4)
(45, 'BING', 32, 28, 30, 30),
(46, 'BING', 35, 25, 35, 25),
(47, 'BING', 28, 22, 32, 28),
(48, 'BING', 30, 27, 33, 32),
-- BENG (3)
(49, 'BENG', 32, 82, 30, 30),
(50, 'BENG', 35, 85, 35, 25),
-- MICP (4)
(51, 'MICP', 72, 28, 58, 89),
(52, 'MICP', 69, 25, 62, 86),
(53, 'MICP', 75, 22, 59, 88),
(54, 'MICP', 71, 27, 61, 85),
-- MECP (4)
(55, 'MECP', 73, 86, 57, 87),
(56, 'MECP', 70, 83, 60, 85),
(57, 'MECP', 76, 88, 58, 89),
(58, 'MECP', 72, 85, 61, 86),
-- BICP (4)
(59, 'BICP', 32, 27, 59, 87),
(60, 'BICP', 35, 24, 62, 85),
(61, 'BICP', 29, 26, 58, 88),
(62, 'BICP', 33, 23, 60, 86),
-- BECP (4)
(63, 'BECP', 31, 87, 57, 89),
(64, 'BECP', 34, 84, 61, 85),
(65, 'BECP', 30, 86, 59, 87),
(66, 'BECP', 32, 83, 62, 86),
-- MICG (4)
(67, 'MICG', 74, 26, 58, 32),
(68, 'MICG', 71, 23, 61, 28),
(69, 'MICG', 76, 25, 57, 30),
(70, 'MICG', 73, 28, 60, 25),
-- MECG (4)
(71, 'MECG', 75, 86, 59, 31),
(72, 'MECG', 72, 83, 62, 28),
(73, 'MECG', 77, 87, 58, 30),
(74, 'MECG', 74, 84, 60, 27),
-- BICG (4)
(75, 'BICG', 33, 26, 57, 31),
(76, 'BICG', 30, 23, 60, 28),
(77, 'BICG', 35, 25, 58, 30),
(78, 'BICG', 32, 28, 61, 27),
-- BECG (4)
(79, 'BECG', 34, 86, 59, 32),
(80, 'BECG', 31, 83, 62, 29),
(81, 'BECG', 36, 87, 58, 31),
(82, 'BECG', 33, 84, 60, 28),
-- MINP (4)
(83, 'MINP', 73, 26, 32, 88),
(84, 'MINP', 70, 23, 35, 85),
(85, 'MINP', 76, 25, 31, 87),
(86, 'MINP', 72, 28, 33, 86),
-- MENP (4)
(87, 'MENP', 74, 86, 33, 89),
(88, 'MENP', 71, 83, 36, 86),
(89, 'MENP', 77, 87, 32, 88),
(90, 'MENP', 73, 84, 34, 85),
-- BINP (4)
(91, 'BINP', 32, 26, 33, 87),
(92, 'BINP', 35, 23, 36, 84),
(93, 'BINP', 29, 25, 32, 86),
(94, 'BINP', 33, 28, 34, 83),
-- BENP (4)
(95, 'BENP', 31, 86, 32, 88),
(96, 'BENP', 34, 83, 35, 85),
(97, 'BENP', 30, 87, 31, 87),
(98, 'BENP', 32, 84, 33, 84),
-- MING (2 of 4)
(99, 'MING', 74, 26, 32, 32),
(100, 'MING', 71, 23, 35, 29),
-- MING (2 remaining)
(101, 'MING', 73, 25, 31, 28),
(102, 'MING', 75, 28, 33, 31),
-- MENG (4)
(103, 'MENG', 76, 85, 32, 32),
(104, 'MENG', 73, 82, 35, 29),
(105, 'MENG', 78, 88, 31, 28),
(106, 'MENG', 75, 85, 33, 31),
-- BING (4)
(107, 'BING', 32, 25, 32, 32),
(108, 'BING', 35, 22, 35, 29),
(109, 'BING', 29, 28, 31, 28),
(110, 'BING', 33, 25, 33, 31),
-- BENG (5)
(111, 'BENG', 31, 85, 32, 32),
(112, 'BENG', 34, 82, 35, 29),
(113, 'BENG', 30, 88, 31, 28),
(114, 'BENG', 32, 85, 33, 31),
(115, 'BENG', 33, 87, 34, 30),
-- Rest distributed among various types for balance
(116, 'MICP', 72, 25, 58, 88),
(117, 'MECP', 74, 87, 59, 85),
(118, 'BICP', 31, 25, 57, 86),
(119, 'BECP', 33, 85, 58, 87),
(120, 'MICG', 75, 25, 59, 30),
(121, 'MECG', 76, 86, 58, 29),
(122, 'BICG', 34, 25, 57, 31),
(123, 'BECG', 32, 87, 58, 30),
(124, 'MINP', 74, 25, 32, 85),
(125, 'MENP', 75, 86, 33, 86)
;


 INSERT INTO Training (user_id, trainer_id, times, total_stamps, coupons) VALUES
                                                                            (1, 51, 10, 5, 0),
                                                                            (2, 52, 15, 7, 1),
                                                                            (3, 53, 20, 9, 2),
                                                                            (4, 54, 25, 3, 3),
                                                                            (5, 55, 12, 6, 0),
                                                                            (6, 56, 18, 2, 1),
                                                                            (7, 57, 22, 8, 2),
                                                                            (8, 58, 30, 4, 3),
                                                                            (9, 59, 14, 1, 0),
                                                                            (10, 60, 17, 7, 1),
                                                                            (11, 61, 10, 9, 0),
                                                                            (12, 62, 15, 3, 1),
                                                                            (13, 63, 20, 5, 2),
                                                                            (14, 64, 25, 8, 3),
                                                                            (15, 65, 12, 2, 0),
                                                                            (16, 66, 18, 4, 1),
                                                                            (17, 67, 22, 6, 2),
                                                                            (18, 68, 30, 0, 3),
                                                                            (19, 69, 14, 9, 0),
                                                                            (20, 70, 17, 3, 1),
                                                                            (21, 71, 10, 2, 0),
                                                                            (22, 72, 15, 5, 1),
                                                                            (23, 73, 20, 7, 2),
                                                                            (24, 74, 25, 4, 3),
                                                                            (25, 75, 12, 6, 0),
                                                                            (26, 76, 18, 1, 1),
                                                                            (27, 77, 22, 8, 2),
                                                                            (28, 78, 30, 9, 3),
                                                                            (29, 79, 14, 2, 0),
                                                                            (30, 80, 17, 5, 1),
                                                                            (31, 81, 10, 4, 0),
                                                                            (32, 82, 15, 3, 1),
                                                                            (33, 83, 20, 7, 2),
                                                                            (34, 84, 25, 1, 3),
                                                                            (35, 85, 12, 0, 0),
                                                                            (36, 86, 18, 6, 1),
                                                                            (37, 87, 22, 5, 2),
                                                                            (38, 88, 30, 9, 3),
                                                                            (39, 89, 14, 8, 0),
                                                                            (40, 90, 17, 2, 1),
                                                                            (41, 91, 10, 4, 0),
                                                                            (42, 92, 15, 3, 1),
                                                                            (43, 93, 20, 5, 2),
                                                                            (44, 94, 25, 7, 3),
                                                                            (45, 95, 12, 1, 0),
                                                                            (46, 96, 18, 6, 1),
                                                                            (47, 97, 22, 9, 2),
                                                                            (48, 98, 30, 8, 3),
                                                                            (49, 99, 14, 0, 0),
                                                                            (50, 100, 17, 4, 1);

# reservation 더미데이터
INSERT INTO reservation (id, training_id, date, status, start_time, exercise_time)
VALUES (1, 1, '2025-01-01 09:00:00', '운동완료', '09:00:00', 45),
       (2, 2, '2025-01-02 14:30:00', '운동완료', '14:30:00', 60),
       (3, 3, '2025-01-03 07:45:00', '운동완료', '07:45:00', 30),
       (4, 4, '2025-01-04 18:15:00', '운동취소', '18:15:00', 90),
       (5, 5, '2025-01-05 12:00:00', '운동완료', '12:00:00', 20),
       (6, 6, '2025-01-06 11:30:00', '운동완료', '11:30:00', 50),
       (7, 7, '2025-01-07 16:00:00', '운동완료', '16:00:00', 40),
       (8, 8, '2025-01-08 08:15:00', '운동취소', '08:15:00', 70),
       (9, 9, '2025-01-09 10:30:00', '운동완료', '10:30:00', 60),
       (10, 10, '2025-01-10 19:00:00', '운동완료', '19:00:00', 75),
       (11, 1, '2025-01-11 09:00:00', '운동완료', '09:00:00', 90),
       (12, 2, '2025-01-12 06:45:00', '운동취소', '06:45:00', 45),
       (13, 3, '2025-01-13 17:30:00', '운동완료', '17:30:00', 30),
       (14, 4, '2025-01-14 13:15:00', '운동완료', '13:15:00', 25),
       (15, 5, '2025-01-15 09:45:00', '운동완료', '09:45:00', 50),
       (16, 6, '2025-01-16 15:00:00', '운동취소', '15:00:00', 80),
       (17, 7, '2025-01-17 20:30:00', '운동완료', '20:30:00', 45),
       (18, 8, '2025-01-18 10:15:00', '운동완료', '10:15:00', 35),
       (19, 9, '2025-01-19 08:45:00', '운동완료', '08:45:00', 25),
       (20, 10, '2025-01-20 14:30:00', '운동취소', '14:30:00', 55),
       (21, 1, '2025-01-21 07:00:00', '운동완료', '07:00:00', 65),
       (22, 2, '2025-01-22 18:15:00', '운동완료', '18:15:00', 40),
       (23, 3, '2025-01-23 16:45:00', '운동완료', '16:45:00', 30),
       (24, 4, '2025-01-24 08:30:00', '운동취소', '08:30:00', 50),
       (25, 5, '2025-01-24 13:00:00', '운동중', '13:00:00', 60),
       (26, 6, '2025-01-24 09:45:00', '운동중', '09:45:00', 45),
       (27, 7, '2025-01-24 12:15:00', '운동중', '12:15:00', 70),
       (28, 8, '2025-01-24 11:30:00', '운동취소', '11:30:00', 25),
       (29, 9, '2025-01-24 07:45:00', '운동중', '07:45:00', 80),
       (30, 10, '2025-01-24 15:30:00', '운동중', '15:30:00', 55),
       (31, 1, '2025-01-31 06:30:00', '운동전', '06:30:00', 20),
       (32, 2, '2025-02-01 19:15:00', '운동취소', '19:15:00', 60),
       (33, 3, '2025-02-02 09:00:00', '운동전', '09:00:00', 75),
       (34, 4, '2025-02-03 14:00:00', '운동전', '14:00:00', 50),
       (35, 5, '2025-02-04 08:45:00', '운동전', '08:45:00', 35),
       (36, 6, '2025-02-05 18:30:00', '운동취소', '18:30:00', 25),
       (37, 7, '2025-02-06 07:15:00', '운동전', '07:15:00', 40),
       (38, 8, '2025-02-07 16:45:00', '운동전', '16:45:00', 55),
       (39, 9, '2025-02-08 12:30:00', '운동전', '12:30:00', 30),
       (40, 10, '2025-02-09 13:15:00', '운동취소', '13:15:00', 60),
       (41, 1, '2025-02-10 09:00:00', '운동전', '09:00:00', 30),
       (42, 2, '2025-02-11 10:30:00', '운동전', '10:30:00', 40),
       (43, 3, '2025-02-12 13:15:00', '운동전', '13:15:00', 50),
       (44, 4, '2025-02-13 16:45:00', '운동취소', '16:45:00', 25),
       (45, 5, '2025-02-14 12:00:00', '운동전', '12:00:00', 45),
       (46, 6, '2025-02-15 08:30:00', '운동전', '08:30:00', 35),
       (47, 7, '2025-02-16 07:45:00', '운동전', '07:45:00', 20),
       (48, 8, '2025-02-17 15:00:00', '운동취소', '15:00:00', 55),
       (49, 9, '2025-02-18 17:30:00', '운동전', '17:30:00', 60),
       (50, 10, '2025-02-19 11:00:00', '운동전', '11:00:00', 50),
       (51, 1, '2025-02-20 19:45:00', '운동전', '19:45:00', 40),
       (52, 2, '2025-02-21 14:00:00', '운동취소', '14:00:00', 30),
       (53, 3, '2025-02-22 09:30:00', '운동전', '09:30:00', 70),
       (54, 4, '2025-02-23 18:15:00', '운동전', '18:15:00', 65),
       (55, 5, '2025-02-24 10:45:00', '운동전', '10:45:00', 25),
       (56, 6, '2025-02-25 13:00:00', '운동취소', '13:00:00', 35),
       (57, 7, '2025-02-26 06:30:00', '운동전', '06:30:00', 20),
       (58, 8, '2025-02-27 16:00:00', '운동전', '16:00:00', 45),
       (59, 9, '2025-02-28 08:15:00', '운동전', '08:15:00', 55),
       (60, 10, '2025-03-01 09:45:00', '운동취소', '09:45:00', 30),
       (61, 1, '2025-03-02 12:30:00', '운동전', '12:30:00', 40),
       (62, 2, '2025-03-03 07:15:00', '운동전', '07:15:00', 35),
       (63, 3, '2025-03-04 14:45:00', '운동전', '14:45:00', 50),
       (64, 4, '2025-03-05 10:00:00', '운동취소', '10:00:00', 45),
       (65, 5, '2025-03-06 08:45:00', '운동전', '08:45:00', 20),
       (66, 6, '2025-03-07 11:15:00', '운동전', '11:15:00', 30),
       (67, 7, '2025-03-08 18:30:00', '운동전', '18:30:00', 60),
       (68, 8, '2025-03-09 09:00:00', '운동취소', '09:00:00', 70),
       (69, 9, '2025-03-10 13:15:00', '운동전', '13:15:00', 35),
       (70, 10, '2025-03-11 14:00:00', '운동전', '14:00:00', 25),
       (71, 1, '2025-03-12 09:30:00', '운동전', '09:30:00', 50),
       (72, 2, '2025-03-13 10:45:00', '운동취소', '10:45:00', 20),
       (73, 3, '2025-03-14 16:15:00', '운동전', '16:15:00', 30),
       (74, 4, '2025-03-15 06:45:00', '운동전', '06:45:00', 55),
       (75, 5, '2025-03-16 13:30:00', '운동전', '13:30:00', 70),
       (76, 6, '2025-03-17 17:45:00', '운동취소', '17:45:00', 40),
       (77, 7, '2025-03-18 11:30:00', '운동전', '11:30:00', 45),
       (78, 8, '2025-03-19 07:15:00', '운동전', '07:15:00', 35),
       (79, 9, '2025-03-20 14:00:00', '운동전', '14:00:00', 60),
       (80, 10, '2025-03-21 18:30:00', '운동취소', '18:30:00', 25),
       (81, 1, '2025-03-22 06:45:00', '운동전', '06:45:00', 30),
       (82, 2, '2025-03-23 11:00:00', '운동전', '11:00:00', 50),
       (83, 3, '2025-03-24 09:30:00', '운동전', '09:30:00', 20),
       (84, 4, '2025-03-25 08:00:00', '운동취소', '08:00:00', 55),
       (85, 5, '2025-03-26 13:15:00', '운동전', '13:15:00', 40),
       (86, 6, '2025-03-27 14:45:00', '운동전', '14:45:00', 35),
       (87, 7, '2025-03-28 16:30:00', '운동전', '16:30:00', 70),
       (88, 8, '2025-03-29 09:45:00', '운동취소', '09:45:00', 45),
       (89, 9, '2025-03-30 10:15:00', '운동전', '10:15:00', 60),
       (90, 10, '2025-03-31 12:00:00', '운동전', '12:00:00', 30),
       (91, 1, '2025-04-01 09:30:00', '운동전', '09:30:00', 20),
       (92, 2, '2025-04-02 10:45:00', '운동취소', '10:45:00', 40),
       (93, 3, '2025-04-03 11:30:00', '운동전', '11:30:00', 50),
       (94, 4, '2025-04-04 07:45:00', '운동전', '07:45:00', 35),
       (95, 5, '2025-04-05 14:15:00', '운동전', '14:15:00', 70),
       (96, 6, '2025-04-06 16:45:00', '운동취소', '16:45:00', 45),
       (97, 7, '2025-04-07 13:30:00', '운동전', '13:30:00', 55),
       (98, 8, '2025-04-08 09:00:00', '운동전', '09:00:00', 40),
       (99, 9, '2025-04-09 14:30:00', '운동전', '14:30:00', 35),
       (100, 10, '2025-04-10 18:15:00', '운동취소', '18:15:00', 25);

UPDATE User
SET address = '서울특별시 종로구 수표로26길 12'
WHERE username IN ('Trainer11', 'Trainer69');

UPDATE User
SET address = '서울시 종로구 창신동 328-18'
WHERE username = 'Trainer59';

UPDATE User
SET address = '서울시 종로구 종로3가 119번지 지하동 1층 동영타워'
WHERE username = 'Trainer37';

UPDATE User
SET address = '서울시 중구 명동 청계천로 24 케이스퀘어 B1'
WHERE username IN ('Trainer60', 'Trainer70');

UPDATE User
SET address = '서울시 중구 장충단로 253 헬로우APM 8층'
WHERE username = 'Trainer36';

UPDATE User
SET address = '서울시 중구 다산로 240'
WHERE username = 'Trainer12';

UPDATE User
SET address = '서울시 용산구 한강대로 273 B1'
WHERE username = 'Trainer34';

UPDATE User
SET address = '서울시 용산구 후암로 107'
WHERE username = 'Trainer54';

UPDATE User
SET address = '서울특별시 용산구 216-96 3층'
WHERE username = 'Trainer13';

UPDATE User
SET address = '서울시 성동구 독서당로 40길 39 B1층'
WHERE username = 'Trainer35';

UPDATE User
SET address = '서울시 성동구 성수1가제2동 13-436'
WHERE username = 'Trainer55';

UPDATE User
SET address = '서울시 광진구 구의동 구의강변로 106'
WHERE username = 'Trainer65';

UPDATE User
SET address = '서울시 광진구 자양제4동 74-14'
WHERE username = 'Trainer14';

UPDATE User
SET address = '서울시 동대문구 청량리동 710번지'
WHERE username IN ('Trainer23', 'Trainer43', 'Trainer73', 'Trainer78');

UPDATE User
SET address = '서울시 동대문구 이문동 305-151'
WHERE username = 'Trainer15';

UPDATE User
SET address = '서울시 중랑구 망구로 60길 37 효성 써너스빌 친환경 3층'
WHERE username IN ('Trainer28', 'Trainer48', 'Trainer83');

UPDATE User
SET address = '서울시 중랑구 망구로 30길 2층'
WHERE username = 'Trainer16';

UPDATE User
SET address = '서울특별시 성북구 안안동5가 101-27'
WHERE username IN ('Trainer24', 'Trainer44', 'Trainer74', 'Trainer79');

UPDATE User
SET address = '서울 성북구 고려대로 22길 5 닥터스트렝스'
WHERE username = 'Trainer17';

UPDATE User
SET address = '서울시 강북구 번동 418-1 12층'
WHERE username IN ('Trainer25', 'Trainer45', 'Trainer75', 'Trainer80');

UPDATE User
SET address = '서울시 강북구 수유1동 70-4'
WHERE username = 'Trainer18';

UPDATE User
SET address = '서울특별시 도봉구 방학로 3길 6 지하 1층'
WHERE username IN ('Trainer26', 'Trainer46', 'Trainer81');

UPDATE User
SET address = '서울특별시 도봉구 워라밸 피트니스 B1'
WHERE username = 'Trainer19';

UPDATE User
SET address = '서울시 노원구 상계6. 7동 372-16'
WHERE username IN ('Trainer27', 'Trainer47', 'Trainer82');

UPDATE User
SET address = '서울시 노원구 노원로 34길 72 와이와이헬스'
WHERE username = 'Trainer20';

UPDATE User
SET address = '서울특별시 은평구 은평로 179'
WHERE username IN ('Trainer21', 'Trainer41', 'Trainer71', 'Trainer72', 'Trainer76');

UPDATE User
SET address = '서울시 은평구 진관3로 32'
WHERE username = 'Trainer22';

UPDATE User
SET address = '서울시 서대문구 홍은제 2동'
WHERE username IN ('Trainer42', 'Trainer77');

UPDATE User
SET address = '서울특별시 서대문구 연희로 82'
WHERE username = 'Trainer29';

UPDATE User
SET address = '서울특별시 마포구 마포대로 109 롯데캐슬 프리미엄지던스튜디오엠롯데캐슬점'
WHERE username IN ('Trainer57', 'Trainer67');

UPDATE User
SET address = '서울시 마포구 공덕동 167-2'
WHERE username = 'Trainer30';

UPDATE User
SET address = '서울시 양천구 목동중앙북로 74'
WHERE username IN ('Trainer31', 'Trainer51');

UPDATE User
SET address = '서울시 양천구 신정43동 946-1'
WHERE username = 'Trainer32';

UPDATE User
SET address = '서울시 강서구 수남빌딩 4층'
WHERE username IN ('Trainer33', 'Trainer53');

UPDATE User
SET address = '서울시 강서구 화곡동 우현로 37'
WHERE username = 'Trainer38';

UPDATE User
SET address = '서울 구로구 경인로 319 지하 비스트짐휘트니스 1층'
WHERE username IN ('Trainer32', 'Trainer52');

UPDATE User
SET address = '서울특별시 구로구 구로동 612 10 6 7층'
WHERE username = 'Trainer39';

UPDATE User
SET address = '서울특별시 금천구 시흥동 8-17'
WHERE username IN ('Trainer30', 'Trainer50', 'Trainer85');

UPDATE User
SET address = '서울특별시 금천구 독산동 291-5'
WHERE username = 'Trainer40';

UPDATE User
SET address = '서울특별시 금천구 서부샛길 606'
WHERE username = 'Trainer84';

UPDATE User
SET address = '서울특별시 영등포구 여의동 53 우정 빌딩 3 층'
WHERE username IN ('Trainer58', 'Trainer68');

UPDATE User
SET address = '서울특별시 영등포구 여의대방로69길 7 충무빌딩 3층'
WHERE username = 'Trainer42';

UPDATE User
SET address = '서울특별시 영등포구 영등포동 624-20'
WHERE username = 'Trainer43';

UPDATE User
SET address = '서울특별시 동작구 여의대방로16길 53'
WHERE username IN ('Trainer56', 'Trainer66');

UPDATE User
SET address = '서울특별시 동작구 동작대로29길 36'
WHERE username = 'Trainer45';

UPDATE User
SET address = '서울특별시 관악구 봉천동 1601-23'
WHERE username IN ('Trainer29', 'Trainer49', 'Trainer84');

UPDATE User
SET address = '서울특별시 관악구 남부순환로 1817 Q타워'
WHERE username = 'Trainer47';

UPDATE User
SET address = '서울특별시 서초구 871-6 3층'
WHERE username IN ('Trainer38', 'Trainer62');

UPDATE User
SET address = '서울특별시 서초구 서초동 1337-20'
WHERE username = 'Trainer48';

UPDATE User
SET address = '서울특별시 강남구 미진프라자 지하 3층'
WHERE username IN ('Trainer39', 'Trainer61');

UPDATE User
SET address = '서울 강남구 강남대로 382 B2 KR 서울특별시'
WHERE username = 'Trainer51';

UPDATE User
SET address = '서울특별시 송파구 송파동 103-2'
WHERE username IN ('Trainer40', 'Trainer63');

UPDATE User
SET address = '서울특별시 송파구 Samhacksaro 지하 30 1층'
WHERE username = 'Trainer53';

UPDATE User
SET address = '서울특별시 강동구 성내동 293-12 B1'
WHERE username IN ('Trainer64');

UPDATE User
SET address = '서울특별시 강동구 천호대로 1006'
WHERE username = 'Trainer65';

# certification
INSERT INTO certification (id, trainer_profile_id, credentials)
VALUES (1, 1, 'img/1.jpg'),
       (2, 1, 'img/2.jpg'),
       (3, 1, 'img/3.jpg'),
       (4, 2, 'img/4.jpg'),
       (5, 2, 'img/5.jpg'),
       (6, 2, 'img/6.jpg'),
       (7, 3, 'img/7.jpg'),
       (8, 3, 'img/8.jpg'),
       (9, 3, 'img/9.jpg'),
       (10, 4, 'img/10.jpg'),
       (11, 4, 'img/11.jpg'),
       (12, 4, 'img/12.jpg'),
       (13, 5, 'img/13.jpg'),
       (14, 5, 'img/14.jpg'),
       (15, 5, 'img/15.jpg'),
       (16, 6, 'img/16.jpg'),
       (17, 6, 'img/17.jpg'),
       (18, 6, 'img/18.jpg'),
       (19, 7, 'img/19.jpg'),
       (20, 7, 'img/20.jpg'),
       (21, 7, 'img/21.jpg'),
       (22, 8, 'img/22.jpg'),
       (23, 8, 'img/23.jpg'),
       (24, 8, 'img/24.jpg'),
       (25, 9, 'img/25.jpg'),
       (26, 9, 'img/26.jpg'),
       (27, 9, 'img/27.jpg'),
       (28, 10, 'img/28.jpg'),
       (29, 10, 'img/29.jpg'),
       (30, 10, 'img/30.jpg'),
       (31, 11, 'img/31.jpg'),
       (32, 11, 'img/32.jpg'),
       (33, 11, 'img/33.jpg'),
       (34, 12, 'img/34.jpg'),
       (35, 12, 'img/35.jpg'),
       (36, 12, 'img/36.jpg'),
       (37, 13, 'img/37.jpg'),
       (38, 13, 'img/38.jpg'),
       (39, 13, 'img/39.jpg'),
       (40, 14, 'img/40.jpg'),
       (41, 14, 'img/41.jpg'),
       (42, 14, 'img/42.jpg'),
       (43, 15, 'img/43.jpg'),
       (44, 15, 'img/44.jpg'),
       (45, 15, 'img/45.jpg'),
       (46, 16, 'img/46.jpg'),
       (47, 16, 'img/47.jpg'),
       (48, 16, 'img/48.jpg'),
       (49, 17, 'img/49.jpg'),
       (50, 17, 'img/50.jpg'),
       (51, 17, 'img/51.jpg'),
       (52, 18, 'img/52.jpg'),
       (53, 18, 'img/53.jpg'),
       (54, 18, 'img/54.jpg'),
       (55, 19, 'img/55.jpg'),
       (56, 19, 'img/56.jpg'),
       (57, 19, 'img/57.jpg'),
       (58, 20, 'img/58.jpg'),
       (59, 20, 'img/59.jpg'),
       (60, 20, 'img/60.jpg'),
       (61, 21, 'img/61.jpg'),
       (62, 21, 'img/62.jpg'),
       (63, 21, 'img/63.jpg'),
       (64, 22, 'img/64.jpg'),
       (65, 22, 'img/65.jpg'),
       (66, 22, 'img/66.jpg'),
       (67, 23, 'img/67.jpg'),
       (68, 23, 'img/68.jpg'),
       (69, 23, 'img/69.jpg'),
       (70, 24, 'img/70.jpg'),
       (71, 24, 'img/71.jpg'),
       (72, 24, 'img/72.jpg'),
       (73, 25, 'img/73.jpg'),
       (74, 25, 'img/74.jpg'),
       (75, 25, 'img/75.jpg'),
       (76, 26, 'img/76.jpg'),
       (77, 26, 'img/77.jpg'),
       (78, 26, 'img/78.jpg'),
       (79, 27, 'img/79.jpg'),
       (80, 27, 'img/80.jpg'),
       (81, 27, 'img/81.jpg'),
       (82, 28, 'img/82.jpg'),
       (83, 28, 'img/83.jpg'),
       (84, 28, 'img/84.jpg'),
       (85, 29, 'img/85.jpg'),
       (86, 29, 'img/86.jpg'),
       (87, 29, 'img/87.jpg'),
       (88, 30, 'img/88.jpg'),
       (89, 30, 'img/89.jpg'),
       (90, 30, 'img/90.jpg'),
       (91, 31, 'img/91.jpg'),
       (92, 31, 'img/92.jpg'),
       (93, 31, 'img/93.jpg'),
       (94, 32, 'img/94.jpg'),
       (95, 32, 'img/95.jpg'),
       (96, 32, 'img/96.jpg'),
       (97, 33, 'img/97.jpg'),
       (98, 33, 'img/98.jpg'),
       (99, 33, 'img/99.jpg'),
       (100, 34, 'img/100.jpg'),
       (101, 34, 'img/101.jpg'),
       (102, 34, 'img/102.jpg'),
       (103, 35, 'img/103.jpg'),
       (104, 35, 'img/104.jpg'),
       (105, 35, 'img/105.jpg'),
       (106, 36, 'img/106.jpg'),
       (107, 36, 'img/107.jpg'),
       (108, 36, 'img/108.jpg'),
       (109, 37, 'img/109.jpg'),
       (110, 37, 'img/110.jpg'),
       (111, 37, 'img/111.jpg'),
       (112, 38, 'img/112.jpg'),
       (113, 38, 'img/113.jpg'),
       (114, 38, 'img/114.jpg'),
       (115, 39, 'img/115.jpg'),
       (116, 39, 'img/116.jpg'),
       (117, 39, 'img/117.jpg'),
       (118, 40, 'img/118.jpg'),
       (119, 40, 'img/119.jpg'),
       (120, 40, 'img/120.jpg'),
       (121, 41, 'img/121.jpg'),
       (122, 41, 'img/122.jpg'),
       (123, 41, 'img/123.jpg'),
       (124, 42, 'img/124.jpg'),
       (125, 42, 'img/125.jpg'),
       (126, 42, 'img/126.jpg'),
       (127, 43, 'img/127.jpg'),
       (128, 43, 'img/128.jpg'),
       (129, 43, 'img/129.jpg'),
       (130, 44, 'img/130.jpg'),
       (131, 44, 'img/131.jpg'),
       (132, 44, 'img/132.jpg'),
       (133, 45, 'img/133.jpg'),
       (134, 45, 'img/134.jpg'),
       (135, 45, 'img/135.jpg'),
       (136, 46, 'img/136.jpg'),
       (137, 46, 'img/137.jpg'),
       (138, 46, 'img/138.jpg'),
       (139, 47, 'img/139.jpg'),
       (140, 47, 'img/140.jpg'),
       (141, 47, 'img/141.jpg'),
       (142, 48, 'img/142.jpg'),
       (143, 48, 'img/143.jpg'),
       (144, 48, 'img/144.jpg'),
       (145, 49, 'img/145.jpg'),
       (146, 49, 'img/146.jpg'),
       (147, 49, 'img/147.jpg'),
       (148, 50, 'img/148.jpg'),
       (149, 50, 'img/149.jpg'),
       (150, 50, 'img/150.jpg'),
       (151, 51, 'img/151.jpg'),
       (152, 51, 'img/152.jpg'),
       (153, 51, 'img/153.jpg'),
       (154, 52, 'img/154.jpg'),
       (155, 52, 'img/155.jpg'),
       (156, 52, 'img/156.jpg'),
       (157, 53, 'img/157.jpg'),
       (158, 53, 'img/158.jpg'),
       (159, 53, 'img/159.jpg'),
       (160, 54, 'img/160.jpg'),
       (161, 54, 'img/161.jpg'),
       (162, 54, 'img/162.jpg'),
       (163, 55, 'img/163.jpg'),
       (164, 55, 'img/164.jpg'),
       (165, 55, 'img/165.jpg'),
       (166, 56, 'img/166.jpg'),
       (167, 56, 'img/167.jpg'),
       (168, 56, 'img/168.jpg'),
       (169, 57, 'img/169.jpg'),
       (170, 57, 'img/170.jpg'),
       (171, 57, 'img/171.jpg'),
       (172, 58, 'img/172.jpg'),
       (173, 58, 'img/173.jpg'),
       (174, 58, 'img/174.jpg'),
       (175, 59, 'img/175.jpg'),
       (176, 59, 'img/176.jpg'),
       (177, 59, 'img/177.jpg'),
       (178, 60, 'img/178.jpg'),
       (179, 60, 'img/179.jpg'),
       (180, 60, 'img/180.jpg'),
       (181, 61, 'img/181.jpg'),
       (182, 61, 'img/182.jpg'),
       (183, 61, 'img/183.jpg'),
       (184, 62, 'img/184.jpg'),
       (185, 62, 'img/185.jpg'),
       (186, 62, 'img/186.jpg'),
       (187, 63, 'img/187.jpg'),
       (188, 63, 'img/188.jpg'),
       (189, 63, 'img/189.jpg'),
       (190, 64, 'img/190.jpg'),
       (191, 64, 'img/191.jpg'),
       (192, 64, 'img/192.jpg'),
       (193, 65, 'img/193.jpg'),
       (194, 65, 'img/194.jpg'),
       (195, 65, 'img/195.jpg'),
       (196, 66, 'img/196.jpg'),
       (197, 66, 'img/197.jpg'),
       (198, 66, 'img/198.jpg'),
       (199, 67, 'img/199.jpg'),
       (200, 67, 'img/200.jpg'),
       (201, 67, 'img/201.jpg'),
       (202, 68, 'img/202.jpg'),
       (203, 68, 'img/203.jpg'),
       (204, 68, 'img/204.jpg'),
       (205, 69, 'img/205.jpg'),
       (206, 69, 'img/206.jpg'),
       (207, 69, 'img/207.jpg'),
       (208, 70, 'img/208.jpg'),
       (209, 70, 'img/209.jpg'),
       (210, 70, 'img/210.jpg'),
       (211, 71, 'img/211.jpg'),
       (212, 71, 'img/212.jpg'),
       (213, 71, 'img/213.jpg'),
       (214, 72, 'img/214.jpg'),
       (215, 72, 'img/215.jpg'),
       (216, 72, 'img/216.jpg'),
       (217, 73, 'img/217.jpg'),
       (218, 73, 'img/218.jpg'),
       (219, 73, 'img/219.jpg'),
       (220, 74, 'img/220.jpg'),
       (221, 74, 'img/221.jpg'),
       (222, 74, 'img/222.jpg'),
       (223, 75, 'img/223.jpg'),
       (224, 75, 'img/224.jpg'),
       (225, 75, 'img/225.jpg'),
       (226, 75, 'img/226.jpg'),
       (227, 75, 'img/227.jpg');




# Gym 더미데이터
INSERT INTO Gym (id, name, address, latitude, longitude)
VALUES (1, '파고다 헬스클럽', '서울특별시 종로구 수표로26길 12', 37.574857, 126.990532),
       (2, '스파렉스 피트니스 SPAREX FITNESS', '서울시 종로구 창신동 328-18', 37.574738, 127.015842),
       (3, '원알엠피트니스', '서울시 종로구 종로3가 119번지 지하동 1층 동영타워', 37.570195, 126.991015),

       (4, '에이원 휘트니스 시청점', '서울시 중구 명동 청계천로 24 케이스퀘어 B1', 37.569192, 126.980324),
       (5, '시그니처 짐', '서울시 중구 장충단로 253 헬로우APM 8층', 37.568018, 127.007861),
       (6, '베네짐', '서울시 중구 다산로 240', 37.564784, 127.016243),


       (7, '스카이휘트니스클럽', '서울시 용산구 한강대로 273 B1', 37.544290, 126.971498),
       (8, '펜타클 어반 피트니스', '서울시 용산구 후암로 107', 37.554652, 126.974009),
       (9, '뷰티플 에볼루션', '서울특별시 용산구 216-96 3층', 37.527409, 126.997744),


       (10, '센트럴휘트니스 옥수점', '서울시 성동구 독서당로 40길 39 B1층', 37.544393, 127.018769),
       (11, '허니바디스포츠', '서울시 성동구 성수1가제2동 13-436', 37.548750, 127.048676),


       (12, '비스코토탈휘트니스 강변클럽', '서울시 광진구 구의동 구의강변로 106', 37.540532, 127.094684),
       (13, '러닝스타 피트니스', '서울시 광진구 자양제4동 74-14', 37.532884, 127.066767),


       (14, '더블에스휘트니스 청량리점', '서울시 동대문구 청량리동 710번지', 37.584850, 127.044993),
       (15, '트러스트짐 유지 pt 외대', '서울시 동대문구 이문동 305-151', 37.598588, 127.062331),


       (16, '팀키스짐 상봉점', '서울시 중랑구 망구로 60길 37 효성 써너스빌 친환경 3층', 37.598884, 127.094224),
       (17, '고릴라멀티짐상봉점', '서울특별시 중랑구 망구로 30길 2층', 37.596027, 127.074826),


       (18, '플러스피트니스 클럽', '서울특별시 성북구 안안동5가 101-27', 37.590236, 127.029091),
       (19, 'DR.STRENGTH 헬스장', '서울 성북구 고려대로 22길 5 닥터스트렝스', 37.588943, 127.028164),


       (20, '스포애니 수유역점', '서울시 강북구 번동 418-1 12층', 37.641871, 127.028110),
       (21, 'HD 휘트니스', '서울시 강북구 수유1동 70-4', 37.632757, 127.018014),


       (22, '짐버튼 방학점', '서울특별시 도봉구 방학로 3길 6 지하 1층', 37.665451, 127.041360),
       (23, '워라밸피트니스', '서울특별시 도봉구 워라밸 피트니스 B1', 37.669391, 127.044622),


       (24, '바다짐휘트니스', '서울시 노원구 상계6. 7동 372-16', 37.659865, 127.067281),
       (25, '와이와이헬스', '서울시 노원구 노원로 34길 72 와이와이헬스', 37.665029, 127.065908),


       (26, '비브로짐', '서울특별시 은평구 은평로 179', 37.607237, 126.927013),
       (27, '엑스휘트니스 GDR아케데미 은평점', '서울시 은평구 진관3로 32', 37.647246, 126.922263),


       (28, '바나나피트니스', '서울시 서대문구 홍은제 2동', 37.582001, 126.928640),
       (29, '스타칼리휘트니스 연희점', '서울특별시 서대문구 연희로 82', 37.566474, 126.930317),


       (30, '피트니스엠캐슬롯점', '서울특별시 마포구 마포대로 109 롯데캐슬 프리미엄지던스튜디오엠롯데캐슬점', 37.546514, 126.950708),
       (31, '피트니스엠 공덕점', '서울시 마포구 공덕동 167-2', 37.547091, 126.952225),


       (32, '나다 피트니스', '서울시 양천구 목동중앙북로 74', 37.552078, 126.871647),
       (33, '조형기 헬스', '서울시 양천구 신정43동 946-1', 37.529261, 126.852012),


       (34, '저스트짐', '서울시 강서구 수남빌딩 4층', 37.537257, 126.861676),
       (35, '강서힐스 아파트 스포츠센터', '서울시 강서구 화곡동 우현로 37', 37.552817, 126.838265),


       (36, '비스트짐', '서울 구로구 경인로 319 지하 비스트짐휘트니스 1층', 37.499911, 126.855537),
       (37, '아프로휘트니스/필라테스', '서울특별시 구로구 구로동 612 10 6 7층', 37.508081, 126.877509),


       (38, '뉴금천 휘트니스', '서울특별시 금천구 시흥동 8-17', 37.464022, 126.907228),
       (39, '비타민 휘트니스', '서울특별시 금천구 독산동 291-5', 37.469414, 126.897458),
       (40, '움gym 휘트니스', '서울특별시 금천구 서부샛길 606', 37.479756, 126.877041),


       (41, '헬스네비휘트니스', '서울특별시 영등포구 여의동 53 우정 빌딩 3 층', 37.519350, 126.932818),
       (42, '피크니스 타운', '서울특별시 영등포구 여의대방로69길 7 충무빌딩 3층', 37.519713, 126.931362),
       (43, '더 루트짐', '서울특별시 영등포구 영등포동 624-20', 37.510234, 126.903421),


       (44, '동작구민체육센터', '서울특별시 동작구 여의대방로16길 53', 37.494723, 126.916780),
       (45, '시드니짐 이수점 헬스&PT', '서울특별시 동작구 동작대로29길 36', 37.488268, 126.980003),


       (46, '웨슬리짐', '서울특별시 관악구 봉천동 1601-23', 37.480603, 126.955492),
       (47, '피트니스FM(5번출구점)', '서울특별시 관악구 남부순환로 1817 Q타워', 37.482935, 126.952010),


       (48, '제로투히어로', '서울특별시 서초구 871-6 3층', 37.487401, 126.991248),
       (49, '휴메이크피트니스 강남점', '서울특별시 서초구 서초동 1337-20', 37.492569, 127.030019),


       (50, '미진휘트니스센타 강남역점', '서울특별시 강남구 미진프라자 지하 3층', 37.499508, 127.028453),
       (51, '강남역 헬스장 에이블짐 PT', '서울 강남구 강남대로 382 B2 KR 서울특별시', 37.497874, 127.028711),


       (52, '짐스헬스클럽', '서울특별시 송파구 송파동 103-2', 37.507693, 127.113025),
       (53, '헬스토피아', '서울특별시 송파구 Samhacksaro 지하 30 1층', 37.504425, 127.095859),


       (54, '제스트짐', '서울특별시 강동구 성내동 293-12 B1', 37.535090, 127.125230),
       (55, '에이블짐 천호역점', '서울특별시 강동구 천호대로 1006', 37.540126, 127.123170);

INSERT INTO Review (training_id, rating, content, created_at) VALUES
                                                                 (1, 5, '트레이너가 정말 훌륭합니다! 제 목표를 이루게 도와주셨습니다.', NOW()),
                                                                 (1, 4, '전문적이고 매우 친절한 트레이너였습니다.', NOW()),
                                                                 (2, 5, '세션이 너무 만족스러웠어요! 강력 추천합니다.', NOW()),
                                                                 (2, 4, '좋은 경험이었지만 시간 관리가 조금 아쉬웠어요.', NOW()),
                                                                 (3, 5, '트레이너가 정말 프로페셔널하고 격려해 주셨어요.', NOW()),
                                                                 (3, 4, '효과적인 운동으로 빠르게 결과를 얻었어요.', NOW()),
                                                                 (4, 3, '운동 세션이 괜찮았지만 다양성이 부족했어요.', NOW()),
                                                                 (4, 5, '트레이너의 에너지와 열정이 정말 좋았어요.', NOW()),
                                                                 (5, 4, '트레이너가 피트니스에 대한 이해도가 높아요.', NOW()),
                                                                 (5, 5, '훌륭한 세션이었고, 영양 정보도 많이 배웠어요.', NOW()),
                                                                 (6, 3, '경험은 괜찮았지만 세션이 좀 급하게 끝난 느낌이에요.', NOW()),
                                                                 (6, 5, '세부적이고 집중적인 접근 방식이 좋았습니다.', NOW()),
                                                                 (7, 4, '자세 교정에 효과적으로 도움을 받았습니다.', NOW()),
                                                                 (7, 5, '탁월합니다! 유연성이 눈에 띄게 향상되었어요.', NOW()),
                                                                 (8, 5, '환상적인 세션이었어요. 모두에게 추천합니다.', NOW()),
                                                                 (9, 4, '세션이 체계적으로 잘 계획되고 개인화되어 좋았습니다.', NOW()),
                                                                 (10, 3, '괜찮은 경험이었지만 반복적인 느낌이 들었어요.', NOW()),
                                                                 (10, 5, '놀라운 결과를 얻었습니다. 강력 추천해요.', NOW()),
                                                                 (11, 4, '운동 플랜이 정말 잘 맞아서 만족스러웠어요.', NOW()),
                                                                 (11, 5, '트레이너 덕분에 운동에 대한 자신감이 생겼어요.', NOW()),
                                                                 (12, 5, '유익한 세션이었고 매우 친절한 분이었어요.', NOW()),
                                                                 (13, 4, '운동하면서 많은 것을 배웠어요. 좋은 경험이었습니다.', NOW()),
                                                                 (14, 5, '재미있고 도전적인 운동으로 성과를 얻었습니다.', NOW()),
                                                                 (15, 5, '강사님 덕분에 목표를 초과 달성했어요.', NOW());


SELECT *
FROM User
WHERE username = 'user1';
SELECT *
FROM User;
Select *
from hbti;
SELECT *
FROM User;
SELECT *
FROM HBTI;


